{
  "beam_altitude_angles": 
  [
      46.45,
      45.47,
      44.81,
      44.43,
      43.46,
      42.51,
      41.86,
      41.46,
      40.5,
      39.58,
      38.92,
      38.52,
      37.55,
      36.65,
      35.99,
      35.58,
      34.6,
      33.72,
      33.07,
      32.66,
      31.67,
      30.81,
      30.17,
      29.74,
      28.76,
      27.92,
      27.28,
      26.84,
      25.84,
      25.03,
      24.41,
      23.95,
      22.95,
      22.17,
      21.55,
      21.08,
      20.07,
      19.32,
      18.7,
      18.22,
      17.2,
      16.48,
      15.87,
      15.37,
      14.35,
      13.65,
      13.05,
      12.53,
      11.5,
      10.83,
      10.23,
      9.7,
      8.67,
      8.01,
      7.42,
      6.87,
      5.84,
      5.21,
      4.62,
      4.05,
      3.01,
      2.4,
      1.82,
      1.23,
      0.17,
      -0.4,
      -0.99,
      -1.6,
      -2.65,
      -3.22,
      -3.8,
      -4.43,
      -5.48,
      -6.02,
      -6.61,
      -7.26,
      -8.31,
      -8.84,
      -9.44,
      -10.11,
      -11.16,
      -11.67,
      -12.27,
      -12.96,
      -14.02,
      -14.5,
      -15.1,
      -15.82,
      -16.88,
      -17.35,
      -17.95,
      -18.69,
      -19.75,
      -20.21,
      -20.81,
      -21.57,
      -22.63,
      -23.08,
      -23.68,
      -24.46,
      -25.52,
      -25.96,
      -26.56,
      -27.37,
      -28.44,
      -28.85,
      -29.47,
      -30.3,
      -31.36,
      -31.77,
      -32.39,
      -33.25,
      -34.3,
      -34.7,
      -35.34,
      -36.23,
      -37.27,
      -37.66,
      -38.3,
      -39.23,
      -40.26,
      -40.65,
      -41.31,
      -42.25,
      -43.29,
      -43.66,
      -44.33,
      -45.29
  ],
  "beam_azimuth_angles": 
  [
      12.15,
      4.79,
      -2.45,
      -9.61,
      11.65,
      4.56,
      -2.42,
      -9.34,
      11.19,
      4.35,
      -2.41,
      -9.11,
      10.79,
      4.16,
      -2.39,
      -8.91,
      10.43,
      3.98,
      -2.39,
      -8.74,
      10.11,
      3.82,
      -2.4,
      -8.6,
      9.84,
      3.69,
      -2.41,
      -8.5,
      9.59,
      3.56,
      -2.42,
      -8.41,
      9.37,
      3.44,
      -2.44,
      -8.34,
      9.17,
      3.35,
      -2.47,
      -8.3,
      9,
      3.24,
      -2.5,
      -8.27,
      8.86,
      3.16,
      -2.55,
      -8.26,
      8.73,
      3.07,
      -2.58,
      -8.26,
      8.62,
      3,
      -2.63,
      -8.28,
      8.53,
      2.93,
      -2.68,
      -8.32,
      8.45,
      2.86,
      -2.74,
      -8.37,
      8.38,
      2.81,
      -2.79,
      -8.43,
      8.34,
      2.74,
      -2.86,
      -8.51,
      8.3,
      2.7,
      -2.94,
      -8.61,
      8.28,
      2.65,
      -3.02,
      -8.72,
      8.27,
      2.6,
      -3.1,
      -8.84,
      8.28,
      2.56,
      -3.2,
      -9,
      8.29,
      2.51,
      -3.3,
      -9.16,
      8.32,
      2.48,
      -3.41,
      -9.35,
      8.38,
      2.45,
      -3.53,
      -9.56,
      8.45,
      2.43,
      -3.66,
      -9.8,
      8.54,
      2.4,
      -3.8,
      -10.08,
      8.65,
      2.38,
      -3.96,
      -10.39,
      8.78,
      2.36,
      -4.14,
      -10.75,
      8.95,
      2.36,
      -4.35,
      -11.16,
      9.16,
      2.35,
      -4.58,
      -11.63,
      9.39,
      2.35,
      -4.84,
      -12.17
  ],
  "build_rev": "v2.0.0",
  "data_format": 
  {
      "column_window": 
      [
          0,
          0
      ],
      "columns_per_frame": 2048,
      "columns_per_packet": 16,
      "pixel_shift_by_row": 
      [
          138,
          96,
          55,
          14,
          135,
          95,
          55,
          16,
          133,
          94,
          55,
          17,
          130,
          93,
          55,
          18,
          128,
          92,
          55,
          19,
          127,
          91,
          55,
          20,
          125,
          90,
          55,
          21,
          124,
          89,
          55,
          21,
          122,
          89,
          55,
          22,
          121,
          88,
          55,
          22,
          120,
          87,
          55,
          22,
          119,
          87,
          54,
          22,
          119,
          86,
          54,
          22,
          118,
          86,
          54,
          22,
          118,
          86,
          54,
          22,
          117,
          85,
          53,
          21,
          117,
          85,
          53,
          21,
          116,
          85,
          53,
          21,
          116,
          84,
          52,
          20,
          116,
          84,
          52,
          19,
          116,
          84,
          51,
          19,
          116,
          84,
          51,
          18,
          116,
          83,
          50,
          17,
          116,
          83,
          50,
          16,
          117,
          83,
          49,
          15,
          117,
          83,
          48,
          13,
          118,
          83,
          47,
          12,
          118,
          83,
          46,
          10,
          119,
          82,
          45,
          8,
          120,
          82,
          44,
          6,
          121,
          82,
          43,
          3,
          122,
          82,
          41,
          0
      ],
      "pixels_per_column": 128
  },
  "hostname": "192.168.90.2",
  "imu_to_sensor_transform": 
  [
      1,
      0,
      0,
      6.253,
      0,
      1,
      0,
      -11.775,
      0,
      0,
      1,
      7.645,
      0,
      0,
      0,
      1
  ],
  "json_calibration_version": 3,
  "lidar_mode": "2048x10",
  "lidar_origin_to_beam_origin_mm": 27.67,
  "lidar_to_sensor_transform": 
  [
      -1,
      0,
      0,
      0,
      0,
      -1,
      0,
      0,
      0,
      0,
      1,
      36.18,
      0,
      0,
      0,
      1
  ],
  "prod_line": "OS-0-128",
  "prod_sn": "992109000340"
}